,SNP,CHROM,POS,REF,ALT,Effect,SE,Head_Diameter.FarmCPU
1,NC_035435.2-160345299,3,160345299,G,T,-0.692873484,0.140063139,5.68E-08
2,NC_035436.2-20355884,4,20355884,A,G,0.633962501,0.133816033,3.39E-08
3,NC_035437.2-67450339,5,67450339,G,A,-1.103624771,0.208125517,6.76E-09
4,NC_035442.2-17467721,10,17467721,T,C,-1.716503878,0.228723278,1.06E-14
5,NC_035442.2-94651944,10,94651944,A,G,-1.335291448,0.23473265,2.35E-11
6,NC_035445.2-52020671,13,52020671,G,A,1.096664595,0.220210283,7.05E-08
7,NC_035445.2-100405520,13,100405520,C,A,0.560491402,0.089817658,2.83E-11
8,NC_035448.2-31775666,16,31775666,G,T,-1.351380652,0.266226105,3.44E-08
